Species in NORCCA	scientific_name	Link to NORCCA website	AphiaID	Match type
Achnantes sp.				
Acrosiphonia sonderi	Acrosiphonia sonderi	https://norcca.scrol.net/species/Acrosiphonia-sonderi	144412	exact
Actinoptychus senarius	Actinoptychus senarius	https://norcca.scrol.net/species/Actinoptychus-senarius	148948	exact
Aff. Isochrysis sp.				
Aglaothamnion byssoides	Aglaothamnion byssoides	https://norcca.scrol.net/species/Aglaothamnion-byssoides	144490	exact
Alexandrium affine	Alexandrium affine	https://norcca.scrol.net/species/Alexandrium-affine	109707	exact
Alexandrium catenella	Alexandrium catenella	https://norcca.scrol.net/species/Alexandrium-catenella	231873	exact
Alexandrium minutum	Alexandrium minutum	https://norcca.scrol.net/species/Alexandrium-minutum	109711	exact
Alexandrium ostenfeldii	Alexandrium ostenfeldii	https://norcca.scrol.net/species/Alexandrium-ostenfeldii	109712	exact
Alexandrium pseudogonyaulax	Alexandrium pseudogonyaulax	https://norcca.scrol.net/species/Alexandrium-pseudogonyaulax	109713	exact
Alexandrium tamarense	Alexandrium tamarense	https://norcca.scrol.net/species/Alexandrium-tamarense	109714	exact
Amphidinium carterae	Amphidinium carterae	https://norcca.scrol.net/species/Amphidinium-carterae	109723	exact
Amphidinium sp.				
Amphidoma languida	Amphidoma languida	https://norcca.scrol.net/species/Amphidoma-languida	729889	exact
Amphora coffaeiformis	Amphora coffaeiformis	https://norcca.scrol.net/species/Amphora-coffaeiformis	624909	match_quarantine
Amphora sp.				
Anabaena austro-africana	Anabaena austro-africana	https://norcca.scrol.net/species/Anabaena-austro-africana	656249	exact
Anabaena inaequalis	Anabaena inaequalis	https://norcca.scrol.net/species/Anabaena-inaequalis	177659	exact
Anabaena lemmermannii var. lemmermannii	Anabaena lemmermannii var. lemmermannii	https://norcca.scrol.net/species/Anabaena-lemmermannii-var-lemmermannii		
Anabaena lemmermannii var. minor	Anabaena lemmermannii var. minor	https://norcca.scrol.net/species/Anabaena-lemmermannii-var-minor	1361865	match_quarantine
Anabaena oscillarioides	Anabaena oscillarioides	https://norcca.scrol.net/species/Anabaena-oscillarioides	239061	exact
Anabaena planctonica	Anabaena planctonica	https://norcca.scrol.net/species/Anabaena-planctonica	248094	exact
Anabaena solitaria	Anabaena solitaria	https://norcca.scrol.net/species/Anabaena-solitaria	578207	exact
Anabaena sp.				
Anabaena subcylindrica	Anabaena subcylindrica	https://norcca.scrol.net/species/Anabaena-subcylindrica	177650	exact
Anabaena torulosa	Anabaena torulosa	https://norcca.scrol.net/species/Anabaena-torulosa	146714	exact
Anabaenopsis arnoldii	Anabaenopsis arnoldii	https://norcca.scrol.net/species/Anabaenopsis-arnoldii	609458	exact
Anabaenopsis elenkinii	Anabaenopsis elenkinii	https://norcca.scrol.net/species/Anabaenopsis-elenkinii	345457	exact
Anabaenopsis sp.				
Anatheca cf. clathrata	Anatheca clathrata	https://norcca.scrol.net/species/Anatheca-cf-clathrata		
Ankistrodesmus spiralis	Ankistrodesmus spiralis	https://norcca.scrol.net/species/Ankistrodesmus-spiralis	248095	exact
Apatococcus lobatus	Apatococcus lobatus	https://norcca.scrol.net/species/Apatococcus-lobatus	610953	exact
Apedinella radians	Apedinella radians	https://norcca.scrol.net/species/Apedinella-radians	248097	exact
Aphanizomenon cf. klebahnii	Aphanizomenon klebahnii	https://norcca.scrol.net/species/Aphanizomenon-cf-klebahnii	625385	exact
Aphanizomenon flos-aquae	Aphanizomenon flos-aquae	https://norcca.scrol.net/species/Aphanizomenon-flos-aquae	248099	exact
Aphanizomenon gracile	Aphanizomenon gracile	https://norcca.scrol.net/species/Aphanizomenon-gracile	248100	exact
Aphanocapsa cf. grevillei	Aphanocapsa grevillei	https://norcca.scrol.net/species/Aphanocapsa-cf-grevillei	162667	exact
Aphanocapsa muscicola	Aphanocapsa muscicola	https://norcca.scrol.net/species/Aphanocapsa-muscicola	610127	exact
Aphanochaete sp.				
Aphanothece cf. elabens	Aphanothece elabens	https://norcca.scrol.net/species/Aphanothece-cf-elabens	609440	exact
Apocalathium aciculiferum	Apocalathium aciculiferum	https://norcca.scrol.net/species/Apocalathium-aciculiferum	1359179	exact
Apocalathium malmogiense	Apocalathium malmogiense	https://norcca.scrol.net/species/Apocalathium-malmogiense	1380043	exact
Arcocellulus cornucervis	Arcocellulus cornucervis	https://norcca.scrol.net/species/Arcocellulus-cornucervis	464322	exact
Arthronema africanum	Arthronema africanum	https://norcca.scrol.net/species/Arthronema-africanum	627824	exact
Arthrospira fusiformis	Arthrospira fusiformis	https://norcca.scrol.net/species/Arthrospira-fusiformis	612090	exact
Arthrospira maxima	Arthrospira maxima	https://norcca.scrol.net/species/Arthrospira-maxima	661163	exact
Arthrospira platensis	Arthrospira platensis	https://norcca.scrol.net/species/Arthrospira-platensis	213728	exact
Arthrospira sp.				
Asperococcus fistulosus	Asperococcus fistulosus	https://norcca.scrol.net/species/Asperococcus-fistulosus	145313	exact
Asterionella formosa	Asterionella formosa	https://norcca.scrol.net/species/Asterionella-formosa	148954	exact
Asterionellopsis glacialis	Asterionellopsis glacialis	https://norcca.scrol.net/species/Asterionellopsis-glacialis	149139	exact
Asterosiphon dichotomus	Asterosiphon dichotomus	https://norcca.scrol.net/species/Asterosiphon-dichotomus	616943	exact
Attheya longicornis	Attheya longicornis	https://norcca.scrol.net/species/Attheya-longicornis	464444	exact
Attheya septentrionalis	Attheya septentrionalis	https://norcca.scrol.net/species/Attheya-septentrionalis	162823	exact
Attheya sp.				
Audouinella pectinata	Audouinella pectinata	https://norcca.scrol.net/species/Audouinella-pectinata	146530	exact
Aulacoseira granulata	Aulacoseira granulata	https://norcca.scrol.net/species/Aulacoseira-granulata	148961	exact
Azadinium concinnum	Azadinium concinnum	https://norcca.scrol.net/species/Azadinium-concinnum	1644802	exact
Azadinium cuneatum	Azadinium cuneatum	https://norcca.scrol.net/species/Azadinium-cuneatum	1644803	exact
Azadinium trinitatum	Azadinium trinitatum	https://norcca.scrol.net/species/Azadinium-trinitatum	1534763	exact
Baldinia anauniensis	Baldinia anauniensis	https://norcca.scrol.net/species/Baldinia-anauniensis	622814	exact
Bangia atropurpurea	Bangia atropurpurea	https://norcca.scrol.net/species/Bangia-atropurpurea	144423	exact
Barrufeta sp.				
Bathycoccus prasinos	Bathycoccus prasinos	https://norcca.scrol.net/species/Bathycoccus-prasinos	345459	exact
Biecheleria cincta	Biecheleria cincta	https://norcca.scrol.net/species/Biecheleria-cincta	840029	exact
Biecheleria sp.				
Biecheleriopsis adriatica	Biecheleriopsis adriatica	https://norcca.scrol.net/species/Biecheleriopsis-adriatica	837989	exact
Bigelowiella natans	Bigelowiella natans	https://norcca.scrol.net/species/Bigelowiella-natans	376277	exact
Blastophysa rhizopus	Blastophysa rhizopus	https://norcca.scrol.net/species/Blastophysa-rhizopus	144478	exact
Blidingia minima	Blidingia minima	https://norcca.scrol.net/species/Blidingia-minima	145950	exact
Bolbocoleon piliferum	Bolbocoleon piliferum	https://norcca.scrol.net/species/Bolbocoleon-piliferum	144865	exact
Borghiella andersenii	Borghiella andersenii	https://norcca.scrol.net/species/Borghiella-andersenii	841726	exact
Borghiella dodgei	Borghiella dodgei	https://norcca.scrol.net/species/Borghiella-dodgei	623370	exact
Borghiella tenuissima	Borghiella tenuissima	https://norcca.scrol.net/species/Borghiella-tenuissima	503084	exact
Botryococcus braunii	Botryococcus braunii	https://norcca.scrol.net/species/Botryococcus-braunii	248104	exact
Botryococcus cf. braunii				
Botryococcus sp.				
Botrytella micromora	Botrytella micromora	https://norcca.scrol.net/species/Botrytella-micromora	145484	exact
Brachiomonas submarina	Brachiomonas submarina	https://norcca.scrol.net/species/Brachiomonas-submarina	345437	exact
Callithamnion corymbosum	Callithamnion corymbosum	https://norcca.scrol.net/species/Callithamnion-corymbosum	144526	exact
Calothrix parietina	Calothrix parietina	https://norcca.scrol.net/species/Calothrix-parietina	239094	exact
Calothrix sp. ?				
Calyptrosphaera sp.				
Carteria sp.				
Ceramium tenuicorne	Ceramium tenuicorne	https://norcca.scrol.net/species/Ceramium-tenuicorne	144569	exact
Ceratium cornutum	Ceratium cornutum	https://norcca.scrol.net/species/Ceratium-cornutum	592868	exact
cf. Chrysolepidomonas sp.				
cf. Fragilariopsis pseudonana	Fragilariopsis pseudonana	https://norcca.scrol.net/species/cf-Fragilariopsis-pseudonana	341558	exact
cf. Messastrum gracile	Messastrum gracile	https://norcca.scrol.net/species/cf-Messastrum-gracile	1372754	exact
cf. Stephanopyxis sp.				
Chaetoceros affinis	Chaetoceros affinis	https://norcca.scrol.net/species/Chaetoceros-affinis	149241	exact
Chaetoceros cf. brevis	Chaetoceros brevis	https://norcca.scrol.net/species/Chaetoceros-cf-brevis	149291	exact
Chaetoceros cf. debilis	Chaetoceros debilis	https://norcca.scrol.net/species/Chaetoceros-cf-debilis	149219	exact
Chaetoceros cf. neogracilis	Chaetoceros neogracilis	https://norcca.scrol.net/species/Chaetoceros-cf-neogracilis	178207	exact
Chaetoceros cinctus	Chaetoceros cinctus	https://norcca.scrol.net/species/Chaetoceros-cinctus	149622	exact
Chaetoceros compressus	Chaetoceros compressus	https://norcca.scrol.net/species/Chaetoceros-compressus	149129	exact
Chaetoceros contortus	Chaetoceros contortus	https://norcca.scrol.net/species/Chaetoceros-contortus	149623	exact
Chaetoceros curvisetus	Chaetoceros curvisetus	https://norcca.scrol.net/species/Chaetoceros-curvisetus	149221	exact
Chaetoceros debilis	Chaetoceros debilis	https://norcca.scrol.net/species/Chaetoceros-debilis	149219	exact
Chaetoceros decipiens	Chaetoceros decipiens	https://norcca.scrol.net/species/Chaetoceros-decipiens	149126	exact
Chaetoceros diadema	Chaetoceros diadema	https://norcca.scrol.net/species/Chaetoceros-diadema	149128	exact
Chaetoceros fallax	Chaetoceros fallax	https://norcca.scrol.net/species/Chaetoceros-fallax	163166	exact
Chaetoceros furcellatus	Chaetoceros furcellatus	https://norcca.scrol.net/species/Chaetoceros-furcellatus	149624	exact
Chaetoceros gelidus	Chaetoceros gelidus	https://norcca.scrol.net/species/Chaetoceros-gelidus	839985	exact
Chaetoceros gracile	Chaetoceros gracile	https://norcca.scrol.net/species/Chaetoceros-gracile	664401	exact
Chaetoceros holsaticus	Chaetoceros holsaticus	https://norcca.scrol.net/species/Chaetoceros-holsaticus	163063	exact
Chaetoceros laciniosus	Chaetoceros laciniosus	https://norcca.scrol.net/species/Chaetoceros-laciniosus	149228	exact
Chaetoceros lorenzianus	Chaetoceros lorenzianus	https://norcca.scrol.net/species/Chaetoceros-lorenzianus	156617	exact
Chaetoceros neogracilis	Chaetoceros neogracilis	https://norcca.scrol.net/species/Chaetoceros-neogracilis	178207	exact
Chaetoceros peruvianus	Chaetoceros peruvianus	https://norcca.scrol.net/species/Chaetoceros-peruvianus	178185	exact
Chaetoceros pseudocurvisetus	Chaetoceros pseudocurvisetus	https://norcca.scrol.net/species/Chaetoceros-pseudocurvisetus	178229	exact
Chaetoceros salsugineus	Chaetoceros salsugineus	https://norcca.scrol.net/species/Chaetoceros-salsugineus	621740	near_1
Chaetoceros similis	Chaetoceros similis	https://norcca.scrol.net/species/Chaetoceros-similis	149127	exact
Chaetoceros socialis	Chaetoceros socialis	https://norcca.scrol.net/species/Chaetoceros-socialis	149123	exact
Chaetoceros sp.				
Chaetoceros subtilis	Chaetoceros subtilis	https://norcca.scrol.net/species/Chaetoceros-subtilis	156621	exact
Chaetoceros tenuissimus	Chaetoceros tenuissimus	https://norcca.scrol.net/species/Chaetoceros-tenuissimus	156623	exact
Chaetoceros tortissimus	Chaetoceros tortissimus	https://norcca.scrol.net/species/Chaetoceros-tortissimus	163161	exact
Chaetoceros wighamii	Chaetoceros wighamii	https://norcca.scrol.net/species/Chaetoceros-wighamii	160524	exact
Chaetochloris sp.				
Chaetomorpha linum	Chaetomorpha linum	https://norcca.scrol.net/species/Chaetomorpha-linum	145027	exact
Chamaecalyx incrassatus	Chamaecalyx incrassatus	https://norcca.scrol.net/species/Chamaecalyx-incrassatus	615340	exact
Chamaesiphon sp.				
Chattonella subsalsa	Chattonella subsalsa	https://norcca.scrol.net/species/Chattonella-subsalsa	246590	exact
Chimonodinium lomnickii	Chimonodinium lomnickii	https://norcca.scrol.net/species/Chimonodinium-lomnickii	838278	exact
Chlamydomonas debaryana	Chlamydomonas debaryana	https://norcca.scrol.net/species/Chlamydomonas-debaryana	608403	exact
Chlamydomonas euryale	Chlamydomonas euryale	https://norcca.scrol.net/species/Chlamydomonas-euryale	495284	exact
Chlamydomonas geitleri	Chlamydomonas geitleri	https://norcca.scrol.net/species/Chlamydomonas-geitleri	664932	exact
Chlamydomonas noctigama	Chlamydomonas noctigama	https://norcca.scrol.net/species/Chlamydomonas-noctigama	577291	exact
Chlamydomonas obesa	Chlamydomonas obesa	https://norcca.scrol.net/species/Chlamydomonas-obesa	614404	exact
Chlamydomonas pulsatilla	Chlamydomonas pulsatilla	https://norcca.scrol.net/species/Chlamydomonas-pulsatilla	428608	exact
Chlamydomonas rapa	Chlamydomonas rapa	https://norcca.scrol.net/species/Chlamydomonas-rapa	614409	exact
Chlamydomonas reinhardtii	Chlamydomonas reinhardtii	https://norcca.scrol.net/species/Chlamydomonas-reinhardtii	608420	exact
Chlamydomonas sp.				
Chlamydomonas vectensis	Chlamydomonas vectensis	https://norcca.scrol.net/species/Chlamydomonas-vectensis	655149	exact
Chlorella ovalis	Chlorella ovalis	https://norcca.scrol.net/species/Chlorella-ovalis	616298	exact
Chlorella sorokiniana	Chlorella sorokiniana	https://norcca.scrol.net/species/Chlorella-sorokiniana	614413	exact
Chlorella sp.				
Chlorella vulgaris	Chlorella vulgaris	https://norcca.scrol.net/species/Chlorella-vulgaris	532029	exact
Chloridella sp.				
Chlorococcum sp.				
Chlorocystis cohnii	Chlorocystis cohnii	https://norcca.scrol.net/species/Chlorocystis-cohnii	146818	exact
Chloroidium saccharophilum	Chloroidium saccharophilum	https://norcca.scrol.net/species/Chloroidium-saccharophilum	623865	exact
Chlorokybus sp.				
Chloromonas rosae	Chloromonas rosae	https://norcca.scrol.net/species/Chloromonas-rosae	627716	exact
Chloromonas sp.				
Choricystis cf. coccoides	Choricystis coccoides	https://norcca.scrol.net/species/Choricystis-cf-coccoides	625389	exact
Choricystis cf. parasitica	Choricystis parasitica	https://norcca.scrol.net/species/Choricystis-cf-parasitica	837008	exact
Chromera velia	Chromera velia	https://norcca.scrol.net/species/Chromera-velia	594556	exact
Chromulina nebulosa	Chromulina nebulosa	https://norcca.scrol.net/species/Chromulina-nebulosa	610218	exact
Chromulina sp.				
Chroococcidiopsis thermalis	Chroococcidiopsis thermalis	https://norcca.scrol.net/species/Chroococcidiopsis-thermalis	615384	match_quarantine
Chroococcus cf. dispersus	Chroococcus dispersus	https://norcca.scrol.net/species/Chroococcus-cf-dispersus	146569	exact
Chroococcus cf. minutus	Chroococcus minutus	https://norcca.scrol.net/species/Chroococcus-cf-minutus	146567	exact
Chroococcus cf. submarinus	Chroococcus submarinus	https://norcca.scrol.net/species/Chroococcus-cf-submarinus	609438	exact
Chroococcus sp.		https://norcca.scrol.net/species/Chroococcus-sp		
Chroococcus turgidus	Chroococcus turgidus	https://norcca.scrol.net/species/Chroococcus-turgidus	146566	exact
Chroomonas sp.				
Chroomonas vectensis	Chroomonas vectensis	https://norcca.scrol.net/species/Chroomonas-vectensis	106295	exact
Chrysamoeba pyrenoidifera	Chrysamoeba pyrenoidifera	https://norcca.scrol.net/species/Chrysamoeba-pyrenoidifera	616804	exact
Chrysamoeba sp.				
Chrysocapsa flavescens	Chrysocapsa flavescens	https://norcca.scrol.net/species/Chrysocapsa-flavescens	708128	exact
Chrysochromulina acantha	Chrysochromulina acantha	https://norcca.scrol.net/species/Chrysochromulina-acantha	115108	exact
Chrysochromulina ahrengotii	Chrysochromulina ahrengotii	https://norcca.scrol.net/species/Chrysochromulina-ahrengotii	612313	exact
Chrysochromulina cymbium	Chrysochromulina cymbium	https://norcca.scrol.net/species/Chrysochromulina-cymbium	115114	exact
Chrysochromulina leadbeateri	Chrysochromulina leadbeateri	https://norcca.scrol.net/species/Chrysochromulina-leadbeateri	246591	exact
Chrysochromulina parva	Chrysochromulina parva	https://norcca.scrol.net/species/Chrysochromulina-parva	571998	exact
Chrysochromulina rotalis	Chrysochromulina rotalis	https://norcca.scrol.net/species/Chrysochromulina-rotalis	619010	exact
Chrysochromulina scutellum	Chrysochromulina scutellum	https://norcca.scrol.net/species/Chrysochromulina-scutellum	612318	exact
Chrysochromulina simplex	Chrysochromulina simplex	https://norcca.scrol.net/species/Chrysochromulina-simplex	571659	exact
Chrysochromulina sp.				
Chrysochromulina throndsenii	Chrysochromulina throndsenii	https://norcca.scrol.net/species/Chrysochromulina-throndsenii	619023	exact
Chrysogyrinus deiktimorphus	Chrysogyrinus deiktimorphus	https://norcca.scrol.net/species/Chrysogyrinus-deiktimorphus		
Chrysolepidomonas dendrolepidota	Chrysolepidomonas dendrolepidota	https://norcca.scrol.net/species/Chrysolepidomonas-dendrolepidota	612319	exact
Chrysosaccus sp.				
Chrysosphaera sp.				
Chrysosphaerella sp.				
Chrysosporum bergii	Chrysosporum bergii	https://norcca.scrol.net/species/Chrysosporum-bergii	837529	exact
Chrysotila carterae	Chrysotila carterae	https://norcca.scrol.net/species/Chrysotila-carterae	837255	exact
Chrysotila placolithoides	Chrysotila placolithoides	https://norcca.scrol.net/species/Chrysotila-placolithoides	840489	exact
Chrysotila pseudoroscoffensis	Chrysotila pseudoroscoffensis	https://norcca.scrol.net/species/Chrysotila-pseudoroscoffensis	837014	exact
Chrysowaernella hieroglyphica	Chrysowaernella hieroglyphica	https://norcca.scrol.net/species/Chrysowaernella-hieroglyphica	590469	exact
Cladophora rupestris	Cladophora rupestris	https://norcca.scrol.net/species/Cladophora-rupestris	145064	exact
Closterium sp.				
Closterium venus	Closterium venus	https://norcca.scrol.net/species/Closterium-venus	608765	exact
Coelastrum microporum	Coelastrum microporum	https://norcca.scrol.net/species/Coelastrum-microporum	163975	exact
Coelastrum sp.				
Coelocladia arctica	Coelocladia arctica	https://norcca.scrol.net/species/Coelocladia-arctica	145349	exact
Compsonema minutum	Compsonema minutum	https://norcca.scrol.net/species/Compsonema-minutum	145859	exact
Coolia monotis	Coolia monotis	https://norcca.scrol.net/species/Coolia-monotis	110130	exact
Coolia sp.				
Corethron sp.				
Corymbellus aureus	Corymbellus aureus	https://norcca.scrol.net/species/Corymbellus-aureus	162519	exact
Coscinodiscus concinnus	Coscinodiscus concinnus	https://norcca.scrol.net/species/Coscinodiscus-concinnus	148992	exact
Coscinodiscus granii	Coscinodiscus granii	https://norcca.scrol.net/species/Coscinodiscus-granii	149271	exact
Coscinodiscus radiatus	Coscinodiscus radiatus	https://norcca.scrol.net/species/Coscinodiscus-radiatus	149158	exact
Cosmarium obtusatum	Cosmarium obtusatum	https://norcca.scrol.net/species/Cosmarium-obtusatum	611104	exact
Cosmarium reniforme	Cosmarium reniforme	https://norcca.scrol.net/species/Cosmarium-reniforme	578406	exact
Cosmarium sp.				
Cosmarium subprotromidum	Cosmarium subprotromidum	https://norcca.scrol.net/species/Cosmarium-subprotromidum	608924	near_2
Cosmarium turpinii var. Eximium	Cosmarium turpinii var. Eximium	https://norcca.scrol.net/species/Cosmarium-turpinii-var-Eximium	611171	exact
Crucigenia tetrapedia	Crucigenia tetrapedia	https://norcca.scrol.net/species/Crucigenia-tetrapedia	178619	exact
Crustomastix stigmatica	Crustomastix stigmatica	https://norcca.scrol.net/species/Crustomastix-stigmatica	376127	exact
Cryptomonas pyrenoidifera	Cryptomonas pyrenoidifera	https://norcca.scrol.net/species/Cryptomonas-pyrenoidifera	572022	exact
Cryptomonas rostratiformis	Cryptomonas rostratiformis	https://norcca.scrol.net/species/Cryptomonas-rostratiformis	699405	exact
Cryptomonas sp.				
Cryptoperidiniopsis brodyi	Cryptoperidiniopsis brodyi	https://norcca.scrol.net/species/Cryptoperidiniopsis-brodyi	396512	exact
Cryptophyceae	Cryptophyceae	https://norcca.scrol.net/species/Cryptophyceae	17639	exact
Cuspidothrix issatschenkoi	Cuspidothrix issatschenkoi	https://norcca.scrol.net/species/Cuspidothrix-issatschenkoi	621617	exact
Cyanobium sp.				
Cyanocystis violacea	Cyanocystis violacea	https://norcca.scrol.net/species/Cyanocystis-violacea	178441	exact
Cyanophora paradoxa	Cyanophora paradoxa	https://norcca.scrol.net/species/Cyanophora-paradoxa	610203	exact
Cyanosarcina sp.				
Cyanothece aeruginosa	Cyanothece aeruginosa	https://norcca.scrol.net/species/Cyanothece-aeruginosa	578252	exact
Cyanothece sp.				
Cyclotella cf. glomerata	Cyclotella glomerata	https://norcca.scrol.net/species/Cyclotella-cf-glomerata	149260	exact
Cyclotella sp.				
Cylindrospermopsis raciborskii	Cylindrospermopsis raciborskii	https://norcca.scrol.net/species/Cylindrospermopsis-raciborskii	609461	exact
Cylindrospermopsis sp.				
Cylindrospermum sp.				
Cylindrotheca closterium	Cylindrotheca closterium	https://norcca.scrol.net/species/Cylindrotheca-closterium	149004	exact
Delamarea attenuata	Delamarea attenuata	https://norcca.scrol.net/species/Delamarea-attenuata	145317	exact
Dermatochrysis sp.				
Desmidium aptogonum	Desmidium aptogonum	https://norcca.scrol.net/species/Desmidium-aptogonum	608950	exact
Desmodesmus armatus	Desmodesmus armatus	https://norcca.scrol.net/species/Desmodesmus-armatus	612499	exact
Desmodesmus communis	Desmodesmus communis	https://norcca.scrol.net/species/Desmodesmus-communis	576237	exact
Desmodesmus serratus	Desmodesmus serratus	https://norcca.scrol.net/species/Desmodesmus-serratus	612513	exact
Desmodesmus spinosus	Desmodesmus spinosus	https://norcca.scrol.net/species/Desmodesmus-spinosus	612514	exact
Desmodesmus subspicatus	Desmodesmus subspicatus	https://norcca.scrol.net/species/Desmodesmus-subspicatus	612515	exact
Desmonostoc muscorum	Desmonostoc muscorum	https://norcca.scrol.net/species/Desmonostoc-muscorum	839172	exact
Detonula sp.				
Diacronema ennorea	Diacronema ennorea	https://norcca.scrol.net/species/Diacronema-ennorea	699620	exact
Diacronema lutheri	Diacronema lutheri	https://norcca.scrol.net/species/Diacronema-lutheri	590558	exact
Diacronema sp.				
Dichothrix sp.?				
Dicrateria rotunda	Dicrateria rotunda	https://norcca.scrol.net/species/Dicrateria-rotunda	840109	exact
Dicrateria sp.				
Dictyocha speculum	Dictyocha speculum	https://norcca.scrol.net/species/Dictyocha-speculum	157260	exact
Dictyosphaerium pulchellum var. minutum	Dictyosphaerium pulchellum var. minutum	https://norcca.scrol.net/species/Dictyosphaerium-pulchellum-var-minutum	673705	exact
Dictyosphaerium sp.				
Dinobryon cf. sertularia	Dinobryon sertularia	https://norcca.scrol.net/species/Dinobryon-cf-sertularia	157252	exact
Dinobryon divergens	Dinobryon divergens	https://norcca.scrol.net/species/Dinobryon-divergens	157248	exact
Dinobryon sertularia	Dinobryon sertularia	https://norcca.scrol.net/species/Dinobryon-sertularia	157252	exact
Dinobryon sociale var. americanum	Dinobryon sociale var. americanum	https://norcca.scrol.net/species/Dinobryon-sociale-var-americanum	577718	exact
Dinobryon sp.				
Dinophyceae	Dinophyceae	https://norcca.scrol.net/species/Dinophyceae	19542	exact
Dinophyte sp.				
Ditylum brightwellii	Ditylum brightwellii	https://norcca.scrol.net/species/Ditylum-brightwellii	149023	exact
Dolichomastix tenuilepis	Dolichomastix tenuilepis	https://norcca.scrol.net/species/Dolichomastix-tenuilepis	345463	exact
				
Dolichospermum cf. sigmoideum	Dolichospermum sigmoideum	https://norcca.scrol.net/species/Dolichospermum-cf-sigmoideum	625408	exact
Dolichospermum cf. spiroides	Dolichospermum spiroides	https://norcca.scrol.net/species/Dolichospermum-cf-spiroides	625411	exact
Dolichospermum circinale	Dolichospermum circinale	https://norcca.scrol.net/species/Dolichospermum-circinale	699631	exact
Dolichospermum crassum	Dolichospermum crassum	https://norcca.scrol.net/species/Dolichospermum-crassum	625368	exact
Dolichospermum danicum	Dolichospermum danicum	https://norcca.scrol.net/species/Dolichospermum-danicum	625370	exact
Dolichospermum flos-aquae	Dolichospermum flos-aquae	https://norcca.scrol.net/species/Dolichospermum-flos-aquae	1637127	exact
Dolichospermum lemmermannii	Dolichospermum lemmermannii	https://norcca.scrol.net/species/Dolichospermum-lemmermannii	625374	exact
Dolichospermum sigmoideum	Dolichospermum sigmoideum	https://norcca.scrol.net/species/Dolichospermum-sigmoideum	625408	exact
Dolichospermum spiroides	Dolichospermum spiroides	https://norcca.scrol.net/species/Dolichospermum-spiroides	625411	exact
Draparnaldia sp.				
Dunaliella salina	Dunaliella salina	https://norcca.scrol.net/species/Dunaliella-salina	178972	exact
Dunaliella tertiolecta	Dunaliella tertiolecta	https://norcca.scrol.net/species/Dunaliella-tertiolecta	178590	exact
Ectocarpus flagelliformis	Ectocarpus flagelliformis	https://norcca.scrol.net/species/Ectocarpus-flagelliformis	145405	exact
Ectocarpus siliculosus	Ectocarpus siliculosus	https://norcca.scrol.net/species/Ectocarpus-siliculosus	145410	exact
Emiliania huxleyi	Emiliania huxleyi	https://norcca.scrol.net/species/Emiliania-huxleyi	115104	exact
Enteromorpha sp.				
Entoderma reticulata	Entoderma reticulata	https://norcca.scrol.net/species/Entoderma-reticulata	668010	exact
Entomoneis sp.				
Epicladia flustrae	Epicladia flustrae	https://norcca.scrol.net/species/Epicladia-flustrae	146005	exact
Epicladia perforans	Epicladia perforans	https://norcca.scrol.net/species/Epicladia-perforans	146008	exact
Epicladia phillipsii	Epicladia phillipsii	https://norcca.scrol.net/species/Epicladia-phillipsii	146009	exact
Epicladia testarum	Epicladia testarum	https://norcca.scrol.net/species/Epicladia-testarum	146011	exact
Epipyxis aurea	Epipyxis aurea	https://norcca.scrol.net/species/Epipyxis-aurea	614445	exact
Epipyxis pulchra	Epipyxis pulchra	https://norcca.scrol.net/species/Epipyxis-pulchra	627576	exact
Epipyxis sp.				
Euastrum oblongum	Euastrum oblongum	https://norcca.scrol.net/species/Euastrum-oblongum	611205	exact
Euastrum ruzickae	Euastrum ruzickae	https://norcca.scrol.net/species/Euastrum-ruzickae	1339250	exact
Euastrum sp.				
Euastrum verrucosum var. alpinum	Euastrum verrucosum var. alpinum	https://norcca.scrol.net/species/Euastrum-verrucosum-var-alpinum	674290	exact
Eucampia groenlandica	Eucampia groenlandica	https://norcca.scrol.net/species/Eucampia-groenlandica	157430	exact
Eudorina elegans	Eudorina elegans	https://norcca.scrol.net/species/Eudorina-elegans	390665	exact
Eudorina sp.				
Euglena deses	Euglena deses	https://norcca.scrol.net/species/Euglena-deses	110631	exact
Euglena gracilis	Euglena gracilis	https://norcca.scrol.net/species/Euglena-gracilis	163460	exact
Euglena sanguinea	Euglena sanguinea	https://norcca.scrol.net/species/Euglena-sanguinea	163127	exact
Euglena sp.				
Eunotia bilunaris	Eunotia bilunaris	https://norcca.scrol.net/species/Eunotia-bilunaris	172305	exact
Eutreptiella braarudii	Eutreptiella braarudii	https://norcca.scrol.net/species/Eutreptiella-braarudii	248121	exact
Eutreptiella eupharyngea	Eutreptiella eupharyngea	https://norcca.scrol.net/species/Eutreptiella-eupharyngea	573871	exact
Eutreptiella gymnastica	Eutreptiella gymnastica	https://norcca.scrol.net/species/Eutreptiella-gymnastica	110652	exact
Feldmannia irregularis	Feldmannia irregularis	https://norcca.scrol.net/species/Feldmannia-irregularis	145415	exact
Feldmannia mitchelliae	Feldmannia mitchelliae	https://norcca.scrol.net/species/Feldmannia-mitchelliae	699648	exact
Feldmannia simplex	Feldmannia simplex	https://norcca.scrol.net/species/Feldmannia-simplex	145421	exact
Fibrocapsa japonica	Fibrocapsa japonica	https://norcca.scrol.net/species/Fibrocapsa-japonica	233761	exact
Fragilariopsis cylindrus	Fragilariopsis cylindrus	https://norcca.scrol.net/species/Fragilariopsis-cylindrus	172418	exact
Fragilariopsis nana	Fragilariopsis nana	https://norcca.scrol.net/species/Fragilariopsis-nana	556587	exact
Geitlerinema amphibium	Geitlerinema amphibium	https://norcca.scrol.net/species/Geitlerinema-amphibium	366599	exact
Geitlerinema splendidum	Geitlerinema splendidum	https://norcca.scrol.net/species/Geitlerinema-splendidum	577244	exact
Gephyrocapsa oceanica	Gephyrocapsa oceanica	https://norcca.scrol.net/species/Gephyrocapsa-oceanica	235955	exact
Giraudya sphacelarioides	Giraudya sphacelarioides	https://norcca.scrol.net/species/Giraudya-sphacelarioides		
Glenodiniopsis steinii	Glenodiniopsis steinii	https://norcca.scrol.net/species/Glenodiniopsis-steinii	576700	exact
Glenodiniopsis uliginosa	Glenodiniopsis uliginosa	https://norcca.scrol.net/species/Glenodiniopsis-uliginosa	626543	exact
Gloeochrysis sp.				
Gomontia polyrhiza	Gomontia polyrhiza	https://norcca.scrol.net/species/Gomontia-polyrhiza	144903	exact
Goniomonas sp.				
Gonium pectorale	Gonium pectorale	https://norcca.scrol.net/species/Gonium-pectorale	577672	exact
Gonyaulax spinifera	Gonyaulax spinifera	https://norcca.scrol.net/species/Gonyaulax-spinifera	110041	exact
Gonyostomum semen	Gonyostomum semen	https://norcca.scrol.net/species/Gonyostomum-semen	375674	exact
Graesiella emersonii	Graesiella emersonii	https://norcca.scrol.net/species/Graesiella-emersonii	837180	exact
Gymnodinium aureolum	Gymnodinium aureolum	https://norcca.scrol.net/species/Gymnodinium-aureolum	232716	exact
Gymnodinium corollarium	Gymnodinium corollarium	https://norcca.scrol.net/species/Gymnodinium-corollarium	623645	exact
Gymnodinium fuscum	Gymnodinium fuscum	https://norcca.scrol.net/species/Gymnodinium-fuscum	109794	exact
Gymnodinium impudicum	Gymnodinium impudicum	https://norcca.scrol.net/species/Gymnodinium-impudicum	232785	exact
Gymnodinium nolleri	Gymnodinium nolleri	https://norcca.scrol.net/species/Gymnodinium-nolleri	109818	exact
Gymnodinium placidum	Gymnodinium placidum	https://norcca.scrol.net/species/Gymnodinium-placidum	109822	exact
Gymnodinium simplex	Gymnodinium simplex	https://norcca.scrol.net/species/Gymnodinium-simplex	109831	exact
Gymnodinium sp.				
Haematococcus lacustris	Haematococcus lacustris	https://norcca.scrol.net/species/Haematococcus-lacustris	661559	exact
Haematococcus sp.				
Halosphaera sp.				
Halothrix lumbricalis	Halothrix lumbricalis	https://norcca.scrol.net/species/Halothrix-lumbricalis	144944	exact
Hantzschia amphioxis	Hantzschia amphioxis	https://norcca.scrol.net/species/Hantzschia-amphioxis	149572	phonetic
Hantzschia weyprechtii	Hantzschia weyprechtii	https://norcca.scrol.net/species/Hantzschia-weyprechtii	180362	exact
Hapalosiphon intricatus	Hapalosiphon intricatus	https://norcca.scrol.net/species/Hapalosiphon-intricatus	609549	exact
Haptolina brevifila	Haptolina brevifila	https://norcca.scrol.net/species/Haptolina-brevifila	624975	exact
Haptolina cf. herdlensis	Haptolina herdlensis	https://norcca.scrol.net/species/Haptolina-cf-herdlensis	624978	exact
Haptolina ericina	Haptolina ericina	https://norcca.scrol.net/species/Haptolina-ericina	624976	exact
Haptolina fragaria	Haptolina fragaria	https://norcca.scrol.net/species/Haptolina-fragaria	624977	exact
Haptolina hirta	Haptolina hirta	https://norcca.scrol.net/species/Haptolina-hirta	699623	exact
Haramonas dimorpha	Haramonas dimorpha	https://norcca.scrol.net/species/Haramonas-dimorpha	608356	exact
Helicotheca tamesis	Helicotheca tamesis	https://norcca.scrol.net/species/Helicotheca-tamesis	157440	exact
Hemidinium nasutum	Hemidinium nasutum	https://norcca.scrol.net/species/Hemidinium-nasutum	109891	exact
Hemiselmis sp.				
Heterocapsa pseudotriquetra	Heterocapsa pseudotriquetra	https://norcca.scrol.net/species/Heterocapsa-pseudotriquetra	233624	exact
Heterocapsa pygmaea	Heterocapsa pygmaea	https://norcca.scrol.net/species/Heterocapsa-pygmaea	233625	exact
Heterocapsa rotundata	Heterocapsa rotundata	https://norcca.scrol.net/species/Heterocapsa-rotundata	110152	exact
Heterocapsa sp.				
Heterocapsa triquetra	Heterocapsa triquetra	https://norcca.scrol.net/species/Heterocapsa-triquetra	110153	exact
Heterosigma akashiwo	Heterosigma akashiwo	https://norcca.scrol.net/species/Heterosigma-akashiwo	160585	exact
Heterosigma sp.				
Hibberdia magna	Hibberdia magna	https://norcca.scrol.net/species/Hibberdia-magna	699376	exact
Hincksia hincksiae	Hincksia hincksiae	https://norcca.scrol.net/species/Hincksia-hincksiae	145435	exact
Hincksia ovata	Hincksia ovata	https://norcca.scrol.net/species/Hincksia-ovata	145438	exact
Hormidiella parvula	Hormidiella parvula	https://norcca.scrol.net/species/Hormidiella-parvula	617151	exact
Hyalotheca dissiliens	Hyalotheca dissiliens	https://norcca.scrol.net/species/Hyalotheca-dissiliens	609031	exact
Hyalotheca dissiliens var.minor	Hyalotheca dissiliens var.minor	https://norcca.scrol.net/species/Hyalotheca-dissiliens-varminor		
Hyalotheca sp.				
Hydrodictyon reticulatum	Hydrodictyon reticulatum	https://norcca.scrol.net/species/Hydrodictyon-reticulatum	381000	exact
Hyella balani	Hyella balani	https://norcca.scrol.net/species/Hyella-balani	213703	exact
Hyella sp.				
Isochrysis	Isochrysis	https://norcca.scrol.net/species/Isochrysis-	248124	exact
Isochrysis galbana	Isochrysis galbana	https://norcca.scrol.net/species/Isochrysis-galbana	573884	exact
Isochrysis sp.				
Jaaginema cf. geminatum	Jaaginema geminatum	https://norcca.scrol.net/species/Jaaginema-cf-geminatum	177500	exact
Jaaginema sp.				
Jadwigia applanata	Jadwigia applanata	https://norcca.scrol.net/species/Jadwigia-applanata	619820	exact
Kamptonema cf. animale	Kamptonema animale	https://norcca.scrol.net/species/Kamptonema-cf-animale	840972	exact
Kamptonema cf. formosum	Kamptonema formosum	https://norcca.scrol.net/species/Kamptonema-cf-formosum	837205	exact
Kamptonema cf. okenii	Kamptonema okenii	https://norcca.scrol.net/species/Kamptonema-cf-okenii	837164	exact
Kamptonema cortianum	Kamptonema cortianum	https://norcca.scrol.net/species/Kamptonema-cortianum	840973	exact
Kamptonema formosum	Kamptonema formosum	https://norcca.scrol.net/species/Kamptonema-formosum	837205	exact
Kamptonema laetevirens	Kamptonema laetevirens	https://norcca.scrol.net/species/Kamptonema-laetevirens	840974	exact
Karenia brevis	Karenia brevis	https://norcca.scrol.net/species/Karenia-brevis	233015	exact
Karenia mikimotoi	Karenia mikimotoi	https://norcca.scrol.net/species/Karenia-mikimotoi	233024	exact
Karenia selliformis	Karenia selliformis	https://norcca.scrol.net/species/Karenia-selliformis	246594	exact
Karlodinium armiger	Karlodinium armiger	https://norcca.scrol.net/species/Karlodinium-armiger	370510	exact
Karlodinium decipiens	Karlodinium decipiens	https://norcca.scrol.net/species/Karlodinium-decipiens	531344	exact
Karlodinium veneficum	Karlodinium veneficum	https://norcca.scrol.net/species/Karlodinium-veneficum	233037	exact
Katagnymene accurata	Katagnymene accurata	https://norcca.scrol.net/species/Katagnymene-accurata	627890	exact
Kephyrion sp.				
Klebsormidium flaccidum	Klebsormidium flaccidum	https://norcca.scrol.net/species/Klebsormidium-flaccidum	608215	exact
Klebsormidium sp.				
Koliella longiseta	Koliella longiseta	https://norcca.scrol.net/species/Koliella-longiseta	248126	exact
Koliella sp.				
Komma sp.				
Komvophoron sp.				
Kremastochrysopsis sp.				
Kryptoperidinium foliaceum	Kryptoperidinium foliaceum	https://norcca.scrol.net/species/Kryptoperidinium-foliaceum	110154	exact
Kuckuckia spinosa	Kuckuckia spinosa	https://norcca.scrol.net/species/Kuckuckia-spinosa	145443	exact
Lagynion scherffelii	Lagynion scherffelii	https://norcca.scrol.net/species/Lagynion-scherffelii	610253	exact
Lauderia sp.				
Leptocylindrus danicus	Leptocylindrus danicus	https://norcca.scrol.net/species/Leptocylindrus-danicus	149106	exact
Leptocylindrus sp.				
Leptolyngbya cf. tenuis	Leptolyngbya tenuis	https://norcca.scrol.net/species/Leptolyngbya-cf-tenuis	177504	exact
Leptolyngbya ectocarpi	Leptolyngbya ectocarpi	https://norcca.scrol.net/species/Leptolyngbya-ectocarpi	615645	exact
Leptolyngbya foveolara	Leptolyngbya foveolara	https://norcca.scrol.net/species/Leptolyngbya-foveolara	450029	exact
Leptolyngbya sp.				
Leptolyngbya tenuis	Leptolyngbya tenuis	https://norcca.scrol.net/species/Leptolyngbya-tenuis	177504	exact
Leptolyngbya terebrans	Leptolyngbya terebrans	https://norcca.scrol.net/species/Leptolyngbya-terebrans	156201	exact
Levanderina fissa	Levanderina fissa	https://norcca.scrol.net/species/Levanderina-fissa	840689	exact
Limnothrix planctonica	Limnothrix planctonica	https://norcca.scrol.net/species/Limnothrix-planctonica	177507	exact
Lingulodinium polyedrum	Lingulodinium polyedrum	https://norcca.scrol.net/species/Lingulodinium-polyedrum	233592	near_2
Lioloma delicatulum	Lioloma delicatulum	https://norcca.scrol.net/species/Lioloma-delicatulum	292728	exact
Litosiphon laminariae	Litosiphon laminariae	https://norcca.scrol.net/species/Litosiphon-laminariae	145327	exact
Lyngbya lutea	Lyngbya lutea	https://norcca.scrol.net/species/Lyngbya-lutea	146682	exact
Lyngbya sp.				
Mallomonas annulata	Mallomonas annulata	https://norcca.scrol.net/species/Mallomonas-annulata	610020	exact
Mallomonas kalinae	Mallomonas kalinae	https://norcca.scrol.net/species/Mallomonas-kalinae	623020	exact
Mallomonas papillosa	Mallomonas papillosa	https://norcca.scrol.net/species/Mallomonas-papillosa	610035	exact
Mallomonas rasilis	Mallomonas rasilis	https://norcca.scrol.net/species/Mallomonas-rasilis	610041	exact
Mantoniella squamata	Mantoniella squamata	https://norcca.scrol.net/species/Mantoniella-squamata	134563	exact
Margalefidinium polykrikoides	Margalefidinium polykrikoides	https://norcca.scrol.net/species/Margalefidinium-polykrikoides	990876	exact
Melosira nummuloides	Melosira nummuloides	https://norcca.scrol.net/species/Melosira-nummuloides	149044	exact
Merismopedia angularis	Merismopedia angularis	https://norcca.scrol.net/species/Merismopedia-angularis	614944	exact
Merismopedia punctata	Merismopedia punctata	https://norcca.scrol.net/species/Merismopedia-punctata	146577	exact
Merismopedia sp.				
Mesotaenium caldariorum	Mesotaenium caldariorum	https://norcca.scrol.net/species/Mesotaenium-caldariorum	611218	exact
Micrasterias papillifera	Micrasterias papillifera	https://norcca.scrol.net/species/Micrasterias-papillifera	609058	exact
Micrasterias rotata	Micrasterias rotata	https://norcca.scrol.net/species/Micrasterias-rotata	609062	exact
Micrasterias sp.				
Micrasterias thomasiana var.notata	Micrasterias thomasiana var.notata	https://norcca.scrol.net/species/Micrasterias-thomasiana-varnotata		
Micrasterias truncata	Micrasterias truncata	https://norcca.scrol.net/species/Micrasterias-truncata	609069	exact
Microchaetaceae	Microchaetaceae	https://norcca.scrol.net/species/Microchaetaceae-	147015	exact
Microchloropsis salina	Microchloropsis salina	https://norcca.scrol.net/species/Microchloropsis-salina	1359175	exact
Microcoleus amoenus	Microcoleus amoenus	https://norcca.scrol.net/species/Microcoleus-amoenus	840001	exact
Microcoleus cf. amoenus				
Microcystis aeruginosa	Microcystis aeruginosa	https://norcca.scrol.net/species/Microcystis-aeruginosa	146558	exact
Microcystis botrys	Microcystis botrys	https://norcca.scrol.net/species/Microcystis-botrys	578236	exact
Microcystis cf. aeruginosa				
Microcystis cf. botrys				
Microcystis cf. ichthyoblabe	Microcystis ichthyoblabe	https://norcca.scrol.net/species/Microcystis-cf-ichthyoblabe	177245	exact
Microcystis cf. viridis	Microcystis viridis	https://norcca.scrol.net/species/Microcystis-cf-viridis	177400	exact
Microcystis flos-aquae	Microcystis flos-aquae	https://norcca.scrol.net/species/Microcystis-flos-aquae	146560	exact
Microcystis novacekii	Microcystis novacekii	https://norcca.scrol.net/species/Microcystis-novacekii	177252	exact
Microcystis sp.				
Microcystis viridis	Microcystis viridis	https://norcca.scrol.net/species/Microcystis-viridis	177400	exact
Micromonas pusilla	Micromonas pusilla	https://norcca.scrol.net/species/Micromonas-pusilla	134564	exact
Micromonas sp.				
Microthamnion kuetzingianum	Microthamnion kuetzingianum	https://norcca.scrol.net/species/Microthamnion-kuetzingianum	373972	exact
Monoraphidium cf. minutum				
Monoraphidium contortum	Monoraphidium contortum	https://norcca.scrol.net/species/Monoraphidium-contortum	160591	exact
Monoraphidium convolutum	Monoraphidium convolutum	https://norcca.scrol.net/species/Monoraphidium-convolutum	160592	exact
Monoraphidium dübowskii	Monoraphidium dübowskii	https://norcca.scrol.net/species/Monoraphidium-dübowskii	622807	phonetic
Monoraphidium griffithii	Monoraphidium griffithii	https://norcca.scrol.net/species/Monoraphidium-griffithii	248134	exact
Monoraphidium lunare	Monoraphidium lunare	https://norcca.scrol.net/species/Monoraphidium-lunare	657578	exact
Monoraphidium minutum	Monoraphidium minutum	https://norcca.scrol.net/species/Monoraphidium-minutum	163101	exact
Monoraphidium sp.				
Mougeotia genuflexa	Mougeotia genuflexa	https://norcca.scrol.net/species/Mougeotia-genuflexa	609346	exact
Mougeotia sp.				
Mychonastes homosphaera	Mychonastes homosphaera	https://norcca.scrol.net/species/Mychonastes-homosphaera	662423	exact
Myrionema strangulans	Myrionema strangulans	https://norcca.scrol.net/species/Myrionema-strangulans	144985	exact
Myriotrichia claviformis	Myriotrichia claviformis	https://norcca.scrol.net/species/Myriotrichia-claviformis	145331	phonetic
Myrmecia biatorellae	Myrmecia biatorellae	https://norcca.scrol.net/species/Myrmecia-biatorellae	617049	exact
Naegeliella flagellifera	Naegeliella flagellifera	https://norcca.scrol.net/species/Naegeliella-flagellifera	610279	exact
Nannochloropsis oceanica	Nannochloropsis oceanica	https://norcca.scrol.net/species/Nannochloropsis-oceanica	376043	exact
Nannochloropsis oculata	Nannochloropsis oculata	https://norcca.scrol.net/species/Nannochloropsis-oculata	376148	exact
Nannochloropsis sp.				
Navicula pelliculosa	Navicula pelliculosa	https://norcca.scrol.net/species/Navicula-pelliculosa	149428	exact
Navicula sp.				
Neodenticula seminae	Neodenticula seminae	https://norcca.scrol.net/species/Neodenticula-seminae	196813	exact
Neostromatella monostromatica	Neostromatella monostromatica	https://norcca.scrol.net/species/Neostromatella-monostromatica	840291	exact
Nephrochlamys rostrata	Nephrochlamys rostrata	https://norcca.scrol.net/species/Nephrochlamys-rostrata	572053	exact
Nephroselmis olivacea	Nephroselmis olivacea	https://norcca.scrol.net/species/Nephroselmis-olivacea	375678	exact
Nephroselmis pyriformis	Nephroselmis pyriformis	https://norcca.scrol.net/species/Nephroselmis-pyriformis	134541	exact
Nephroselmis rotunda	Nephroselmis rotunda	https://norcca.scrol.net/species/Nephroselmis-rotunda	134542	exact
Nephroselmis sp.				
Nitzschia bizertensis	Nitzschia bizertensis	https://norcca.scrol.net/species/Nitzschia-bizertensis	759283	exact
Nitzschia closterium	Nitzschia closterium	https://norcca.scrol.net/species/Nitzschia-closterium	149610	exact
Nitzschia frigida	Nitzschia frigida	https://norcca.scrol.net/species/Nitzschia-frigida	175400	exact
Nitzschia laevissima	Nitzschia laevissima	https://norcca.scrol.net/species/Nitzschia-laevissima	590740	exact
Nitzschia longissima / Cylindrotheca closterium	Nitzschia longissima / Cylindrotheca closterium	https://norcca.scrol.net/species/Nitzschia-longissima-/-Cylindrotheca	149150	exact
Nitzschia navis-varingica	Nitzschia navis-varingica	https://norcca.scrol.net/species/Nitzschia-navis-varingica	246595	exact
Nitzschia sigmoidea	Nitzschia sigmoidea	https://norcca.scrol.net/species/Nitzschia-sigmoidea	149604	exact
Nitzschia sp.				
Nodularia cf. harveyana	Nodularia harveyana	https://norcca.scrol.net/species/Nodularia-cf-harveyana	178477	exact
Nodularia spumigena	Nodularia spumigena	https://norcca.scrol.net/species/Nodularia-spumigena	160566	exact
Nostoc commune	Nostoc commune	https://norcca.scrol.net/species/Nostoc-commune	608248	exact
Nostoc flagelliforme	Nostoc flagelliforme	https://norcca.scrol.net/species/Nostoc-flagelliforme	700733	exact
Nostoc kihlmani	Nostoc kihlmani	https://norcca.scrol.net/species/Nostoc-kihlmani	628033	phonetic
Nostoc pruniforme	Nostoc pruniforme	https://norcca.scrol.net/species/Nostoc-pruniforme	610164	exact
Nostoc sp.				
Nostoc sphaeroides	Nostoc sphaeroides	https://norcca.scrol.net/species/Nostoc-sphaeroides	618666	exact
Ochlochaete hystrix	Ochlochaete hystrix	https://norcca.scrol.net/species/Ochlochaete-hystrix	146012	exact
Ochromonas danica	Ochromonas danica	https://norcca.scrol.net/species/Ochromonas-danica	577746	exact
Ochromonas gloeopara	Ochromonas gloeopara	https://norcca.scrol.net/species/Ochromonas-gloeopara	837988	match_quarantine
Ochromonas minima	Ochromonas minima	https://norcca.scrol.net/species/Ochromonas-minima	573921	exact
Ochromonas moestrupii	Ochromonas moestrupii	https://norcca.scrol.net/species/Ochromonas-moestrupii	625976	exact
Ochromonas perlata	Ochromonas perlata	https://norcca.scrol.net/species/Ochromonas-perlata	656225	exact
Ochromonas sp.				
Ochromonas tuberculata	Ochromonas tuberculata	https://norcca.scrol.net/species/Ochromonas-tuberculata	610282	exact
Ochromonas viridis	Ochromonas viridis	https://norcca.scrol.net/species/Ochromonas-viridis	837357	match_quarantine
Octactis speculum	Octactis speculum	https://norcca.scrol.net/species/Octactis-speculum	1310442	exact
Odontella aurita	Odontella aurita	https://norcca.scrol.net/species/Odontella-aurita	149050	exact
Odontella mobiliensis	Odontella mobiliensis	https://norcca.scrol.net/species/Odontella-mobiliensis	164116	exact
Odontella sinensis	Odontella sinensis	https://norcca.scrol.net/species/Odontella-sinensis	149095	exact
Oedogonium cardiacum	Oedogonium cardiacum	https://norcca.scrol.net/species/Oedogonium-cardiacum	608526	exact
Oedogonium fragile	Oedogonium fragile	https://norcca.scrol.net/species/Oedogonium-fragile	608539	exact
Oedogonium vaucheri	Oedogonium vaucheri	https://norcca.scrol.net/species/Oedogonium-vaucheri	655137	exact
Olisthodiscus luteus	Olisthodiscus luteus	https://norcca.scrol.net/species/Olisthodiscus-luteus	233765	exact
Oltmannsiellopsis unicellularis	Oltmannsiellopsis unicellularis	https://norcca.scrol.net/species/Oltmannsiellopsis-unicellularis	495242	exact
Oocystis asymmetrica	Oocystis asymmetrica	https://norcca.scrol.net/species/Oocystis-asymmetrica	608599	exact
Oocystis sp. (?)				
Ophiocytium arbusculum	Ophiocytium arbusculum	https://norcca.scrol.net/species/Ophiocytium-arbusculum	610076	near_2
Ophiocytium sp.				
Oscillatoria cf. major	Oscillatoria major	https://norcca.scrol.net/species/Oscillatoria-cf-major	665981	exact
Oscillatoria cf. sancta	Oscillatoria sancta	https://norcca.scrol.net/species/Oscillatoria-cf-sancta	177518	exact
Oscillatoria curviceps	Oscillatoria curviceps	https://norcca.scrol.net/species/Oscillatoria-curviceps	660923	exact
Oscillatoria limosa	Oscillatoria limosa	https://norcca.scrol.net/species/Oscillatoria-limosa	146554	exact
Oscillatoria lutea var. contorta	Oscillatoria lutea var. contorta	https://norcca.scrol.net/species/Oscillatoria-lutea-var-contorta	675526	match_quarantine
Oscillatoria princeps	Oscillatoria princeps	https://norcca.scrol.net/species/Oscillatoria-princeps	177516	exact
Oscillatoria sancta	Oscillatoria sancta	https://norcca.scrol.net/species/Oscillatoria-sancta	177518	exact
Oscillatoria sp.				
Ostreobium quekettii	Ostreobium quekettii	https://norcca.scrol.net/species/Ostreobium-quekettii	145095	phonetic
Ovillaria catenata	Ovillaria catenata	https://norcca.scrol.net/species/Ovillaria-catenata	613385	exact
Oxynema acuminatum	Oxynema acuminatum	https://norcca.scrol.net/species/Oxynema-acuminatum	708104	exact
Oxyrrhis marina	Oxyrrhis marina	https://norcca.scrol.net/species/Oxyrrhis-marina	109902	exact
Palatinus apiculatus	Palatinus apiculatus	https://norcca.scrol.net/species/Palatinus-apiculatus	623653	exact
Pandorina morum	Pandorina morum	https://norcca.scrol.net/species/Pandorina-morum	577877	exact
Paraphysomonas vestita	Paraphysomonas vestita	https://norcca.scrol.net/species/Paraphysomonas-vestita	341605	exact
Parvodinium centenniale	Parvodinium centenniale	https://norcca.scrol.net/species/Parvodinium-centenniale	841290	exact
Parvodinium inconspicuum	Parvodinium inconspicuum	https://norcca.scrol.net/species/Parvodinium-inconspicuum	838487	exact
Pavlomulina ranunculiformis	Pavlomulina ranunculiformis	https://norcca.scrol.net/species/Pavlomulina-ranunculiformis	1667035	exact
Pavlova gyrans	Pavlova gyrans	https://norcca.scrol.net/species/Pavlova-gyrans	573929	exact
Pavlova sp.				
Pavlovophyceae	Pavlovophyceae	https://norcca.scrol.net/species/Pavlovophyceae-	249727	exact
Pediastrum duplex	Pediastrum duplex	https://norcca.scrol.net/species/Pediastrum-duplex	164061	exact
Pediastrum sp.				
Pedinellaceae sp.				
Pedinomonas minor	Pedinomonas minor	https://norcca.scrol.net/species/Pedinomonas-minor	375680	exact
Pelagococcus subviridis	Pelagococcus subviridis	https://norcca.scrol.net/species/Pelagococcus-subviridis	375971	exact
Pelagodinium bei	Pelagodinium bei	https://norcca.scrol.net/species/Pelagodinium-bei	838272	exact
pennate diatom				
Pentapharsodinium dalei	Pentapharsodinium dalei	https://norcca.scrol.net/species/Pentapharsodinium-dalei	109925	exact
Pentapharsodinium tyrrhenicum	Pentapharsodinium tyrrhenicum	https://norcca.scrol.net/species/Pentapharsodinium-tyrrhenicum	233820	exact
Peridiniopsis borgei	Peridiniopsis borgei	https://norcca.scrol.net/species/Peridiniopsis-borgei	110159	exact
Peridinium bipes	Peridinium bipes	https://norcca.scrol.net/species/Peridinium-bipes	110181	exact
Peridinium cinctum	Peridinium cinctum	https://norcca.scrol.net/species/Peridinium-cinctum	110183	exact
Peridinium sp.				
Peridinium volzii	Peridinium volzii	https://norcca.scrol.net/species/Peridinium-volzii	110197	exact
Peridinium volzii f. meandricum	Peridinium volzii f. meandricum	https://norcca.scrol.net/species/Peridinium-volzii-f-meandricum		
Peridinium willei	Peridinium willei	https://norcca.scrol.net/species/Peridinium-willei	110198	exact
Petalonia fascia	Petalonia fascia	https://norcca.scrol.net/species/Petalonia-fascia	145863	exact
Phaeocystis globosa	Phaeocystis globosa	https://norcca.scrol.net/species/Phaeocystis-globosa	160538	exact
Phaeocystis sp.				
Phaeodactylum tricornutum	Phaeodactylum tricornutum	https://norcca.scrol.net/species/Phaeodactylum-tricornutum	175584	exact
Phaeophila dendroides	Phaeophila dendroides	https://norcca.scrol.net/species/Phaeophila-dendroides	145778	exact
Phaeophila ramulosa	Phaeophila ramulosa	https://norcca.scrol.net/species/Phaeophila-ramulosa	371089	exact
Phaeoplaca thallosa	Phaeoplaca thallosa	https://norcca.scrol.net/species/Phaeoplaca-thallosa	614502	exact
Phaeostroma pustulosum	Phaeostroma pustulosum	https://norcca.scrol.net/species/Phaeostroma-pustulosum	145455	exact
Phaeothamnion confervicola	Phaeothamnion confervicola	https://norcca.scrol.net/species/Phaeothamnion-confervicola	610286	exact
Phaeothamnion sp.				
Phormidium breve	Phormidium breve	https://norcca.scrol.net/species/Phormidium-breve	146702	exact
Phormidium cf. breve				
Phormidium cf. chalybea	Phormidium chalybea	https://norcca.scrol.net/species/Phormidium-cf-chalybea	156349	near_2
Phormidium cf. favosum	Phormidium favosum	https://norcca.scrol.net/species/Phormidium-cf-favosum	610167	exact
Phormidium cf. subfuscum	Phormidium subfuscum	https://norcca.scrol.net/species/Phormidium-cf-subfuscum	609516	exact
Phormidium sp.				
Phormidium tergestinum	Phormidium tergestinum	https://norcca.scrol.net/species/Phormidium-tergestinum	450777	exact
Phormidium uncinatum	Phormidium uncinatum	https://norcca.scrol.net/species/Phormidium-uncinatum	661044	exact
Planctonema lauterbornii	Planctonema lauterbornii	https://norcca.scrol.net/species/Planctonema-lauterbornii	162716	exact
Planktothrix agardhii	Planktothrix agardhii	https://norcca.scrol.net/species/Planktothrix-agardhii	146552	exact
Planktothrix cf. agardhii				
Planktothrix cf. prolifica				
Planktothrix mougeotii	Planktothrix mougeotii	https://norcca.scrol.net/species/Planktothrix-mougeotii	177583	exact
Planktothrix prolifica	Planktothrix prolifica	https://norcca.scrol.net/species/Planktothrix-prolifica	572062	exact
Planktothrix pseudagardhii	Planktothrix pseudagardhii	https://norcca.scrol.net/species/Planktothrix-pseudagardhii	616561	phonetic
Planktothrix rubescens	Planktothrix rubescens	https://norcca.scrol.net/species/Planktothrix-rubescens	572064	exact
Planktothrix rubescens var.				
Planktothrix sp.				
Planktothrix suspensa	Planktothrix suspensa	https://norcca.scrol.net/species/Planktothrix-suspensa	578244	exact
Plectonema sp.				
Pleurochrysis sp.				
Pleurotaenium trabecula	Pleurotaenium trabecula	https://norcca.scrol.net/species/Pleurotaenium-trabecula	548369	exact
Pogotrichum filiforme	Pogotrichum filiforme	https://norcca.scrol.net/species/Pogotrichum-filiforme	238952	exact
Polarella glacialis	Polarella glacialis	https://norcca.scrol.net/species/Polarella-glacialis	232248	exact
Porphyra thulaea	Porphyra thulaea	https://norcca.scrol.net/species/Porphyra-thulaea	144436	exact
Porphyridium aerugineum	Porphyridium aerugineum	https://norcca.scrol.net/species/Porphyridium-aerugineum	145787	exact
Porphyridium purpureum	Porphyridium purpureum	https://norcca.scrol.net/species/Porphyridium-purpureum	145788	exact
Poteriochromonas malhamensis	Poteriochromonas malhamensis	https://norcca.scrol.net/species/Poteriochromonas-malhamensis	1304857	phonetic
Prasinocladus sp.				
Prasinophyte sp.				
Prochlorothrix hollandica	Prochlorothrix hollandica	https://norcca.scrol.net/species/Prochlorothrix-hollandica	616813	exact
Prochlorothrix scandica	Prochlorothrix scandica	https://norcca.scrol.net/species/Prochlorothrix-scandica		
Prorocentrum cordatum	Prorocentrum cordatum	https://norcca.scrol.net/species/Prorocentrum-cordatum	232376	exact
Prorocentrum donghaiense	Prorocentrum donghaiense	https://norcca.scrol.net/species/Prorocentrum-donghaiense	232308	exact
Prorocentrum lima	Prorocentrum lima	https://norcca.scrol.net/species/Prorocentrum-lima	110301	exact
Prorocentrum micans	Prorocentrum micans	https://norcca.scrol.net/species/Prorocentrum-micans	110303	exact
Prorocentrum sp.				
Prorocentrum triestinum	Prorocentrum triestinum	https://norcca.scrol.net/species/Prorocentrum-triestinum	110316	exact
Protectocarpus speciosus	Protectocarpus speciosus	https://norcca.scrol.net/species/Protectocarpus-speciosus	144986	exact
Protoceratium reticulatum	Protoceratium reticulatum	https://norcca.scrol.net/species/Protoceratium-reticulatum	110321	exact
Protosiphon botryoides	Protosiphon botryoides	https://norcca.scrol.net/species/Protosiphon-botryoides	608625	exact
Prymnesium kappa	Prymnesium kappa	https://norcca.scrol.net/species/Prymnesium-kappa	624968	exact
Prymnesium nemamethecum	Prymnesium nemamethecum	https://norcca.scrol.net/species/Prymnesium-nemamethecum	345517	exact
Prymnesium palpebrale	Prymnesium palpebrale	https://norcca.scrol.net/species/Prymnesium-palpebrale	624967	exact
Prymnesium parvum	Prymnesium parvum	https://norcca.scrol.net/species/Prymnesium-parvum	160564	exact
Prymnesium parvum f. patelliferum	Prymnesium parvum f. patelliferum	https://norcca.scrol.net/species/Prymnesium-parvum-f-patelliferum	688549	exact
Prymnesium polylepis	Prymnesium polylepis	https://norcca.scrol.net/species/Prymnesium-polylepis	670030	exact
Prymnesium sp.				
Pseudanabaena catenata	Pseudanabaena catenata	https://norcca.scrol.net/species/Pseudanabaena-catenata	213742	exact
Pseudanabaena cf. brunnei	Pseudanabaena brunnei	https://norcca.scrol.net/species/Pseudanabaena-cf-brunnei		
Pseudanabaena limnetica	Pseudanabaena limnetica	https://norcca.scrol.net/species/Pseudanabaena-limnetica	177590	exact
Pseudanabaena redekei	Pseudanabaena redekei	https://norcca.scrol.net/species/Pseudanabaena-redekei	836849	exact
Pseudanabaena sp.				
Pseudendoclonium basiliense Vischer var. brandii	Pseudendoclonium basiliense Vischer var. brandii	https://norcca.scrol.net/species/Pseudendoclonium-basiliense-Vischer-var-brandii		
Pseudendoclonium dynamenae	Pseudendoclonium dynamenae	https://norcca.scrol.net/species/Pseudendoclonium-dynamenae	156367	exact
Pseudendoclonium fucicola	Pseudendoclonium fucicola	https://norcca.scrol.net/species/Pseudendoclonium-fucicola	156368	exact
Pseudendoclonium submarinum	Pseudendoclonium submarinum	https://norcca.scrol.net/species/Pseudendoclonium-submarinum	144879	exact
Pseudo-nitzschia cf. turgidula	Pseudo-nitzschia turgidula	https://norcca.scrol.net/species/Pseudo-nitzschia-cf-turgidula	246609	exact
Pseudo-nitzschia delicatissima-group				
Pseudo-nitzschia granii	Pseudo-nitzschia granii	https://norcca.scrol.net/species/Pseudo-nitzschia-granii	375883	exact
Pseudo-nitzschia sp.				
Pseudochattonella farcimen	Pseudochattonella farcimen	https://norcca.scrol.net/species/Pseudochattonella-farcimen	531467	exact
Pseudochattonella verruculosa	Pseudochattonella verruculosa	https://norcca.scrol.net/species/Pseudochattonella-verruculosa	531446	exact
Pseudochattonella verruculosa	Pseudochattonella verruculosa	https://norcca.scrol.net/species/Pseudochattonella-verruculosa	531446	exact
Pseudococcomyxa chodatii	Pseudococcomyxa chodatii	https://norcca.scrol.net/species/Pseudococcomyxa-chodatii	1379956	exact
Pseudodictyon porphyrae	Pseudodictyon porphyrae	https://norcca.scrol.net/species/Pseudodictyon-porphyrae	844681	exact
Pseudoisochrysis paradoxa	Pseudoisochrysis paradoxa	https://norcca.scrol.net/species/Pseudoisochrysis-paradoxa	658407	exact
Pseudokirchneriella inclinata	Pseudokirchneriella inclinata	https://norcca.scrol.net/species/Pseudokirchneriella-inclinata	627310	match_quarantine
Pseudokirchneriella sp.				
Pseudokirchneriella valida	Pseudokirchneriella valida	https://norcca.scrol.net/species/Pseudokirchneriella-valida	627320	match_quarantine
Pseudokirchneriella van-goori	Pseudokirchneriella van-goori	https://norcca.scrol.net/species/Pseudokirchneriella-van-goori	627321	match_quarantine
Pseudokirchneriella van-goori var. decussata	Pseudokirchneriella van-goori var. decussata	https://norcca.scrol.net/species/Pseudokirchneriella-van-goori-var-decussata		
Pseudopediastrum boryanum	Pseudopediastrum boryanum	https://norcca.scrol.net/species/Pseudopediastrum-boryanum	621601	exact
Pseudopedinella pyriformis	Pseudopedinella pyriformis	https://norcca.scrol.net/species/Pseudopedinella-pyriformis	160600	exact
Pseudoscourfieldia marina	Pseudoscourfieldia marina	https://norcca.scrol.net/species/Pseudoscourfieldia-marina	134566	exact
Pterosperma sp.				
Pterothamnion plumula	Pterothamnion plumula	https://norcca.scrol.net/species/Pterothamnion-plumula	144683	exact
Punctaria latifolia	Punctaria latifolia	https://norcca.scrol.net/species/Punctaria-latifolia	145346	exact
Punctaria tenuissima	Punctaria tenuissima	https://norcca.scrol.net/species/Punctaria-tenuissima	145348	exact
Pycnococcus provasolii	Pycnococcus provasolii	https://norcca.scrol.net/species/Pycnococcus-provasolii	376073	exact
Pylaiella littoralis	Pylaiella littoralis	https://norcca.scrol.net/species/Pylaiella-littoralis	157188	exact
Pylaiella varia	Pylaiella varia	https://norcca.scrol.net/species/Pylaiella-varia	371077	exact
Pyramimonas cirolanae	Pyramimonas cirolanae	https://norcca.scrol.net/species/Pyramimonas-cirolanae	495421	exact
Pyramimonas disomata	Pyramimonas disomata	https://norcca.scrol.net/species/Pyramimonas-disomata	495333	exact
Pyramimonas formosa	Pyramimonas formosa	https://norcca.scrol.net/species/Pyramimonas-formosa	495344	exact
Pyramimonas gorlestonae	Pyramimonas gorlestonae	https://norcca.scrol.net/species/Pyramimonas-gorlestonae	638421	exact
Pyramimonas grossii	Pyramimonas grossii	https://norcca.scrol.net/species/Pyramimonas-grossii	495352	exact
Pyramimonas mantoniae	Pyramimonas mantoniae	https://norcca.scrol.net/species/Pyramimonas-mantoniae	495477	exact
Pyramimonas melkonianii	Pyramimonas melkonianii	https://norcca.scrol.net/species/Pyramimonas-melkonianii	643529	exact
Pyramimonas mitra	Pyramimonas mitra	https://norcca.scrol.net/species/Pyramimonas-mitra	495482	exact
Pyramimonas moestrupii	Pyramimonas moestrupii	https://norcca.scrol.net/species/Pyramimonas-moestrupii	495381	exact
Pyramimonas octopus	Pyramimonas octopus	https://norcca.scrol.net/species/Pyramimonas-octopus	495382	exact
Pyramimonas olivacea	Pyramimonas olivacea	https://norcca.scrol.net/species/Pyramimonas-olivacea	495346	exact
Pyramimonas orientalis	Pyramimonas orientalis	https://norcca.scrol.net/species/Pyramimonas-orientalis	547692	exact
Pyramimonas parkeae	Pyramimonas parkeae	https://norcca.scrol.net/species/Pyramimonas-parkeae	495287	exact
Pyramimonas plurioculata	Pyramimonas plurioculata	https://norcca.scrol.net/species/Pyramimonas-plurioculata	376701	exact
Pyramimonas propulsa	Pyramimonas propulsa	https://norcca.scrol.net/species/Pyramimonas-propulsa	495347	exact
Pyramimonas sp.				
Pyramimonas tetrarhynchus	Pyramimonas tetrarhynchus	https://norcca.scrol.net/species/Pyramimonas-tetrarhynchus	495194	exact
Pyramimonas tychotreta	Pyramimonas tychotreta	https://norcca.scrol.net/species/Pyramimonas-tychotreta	495343	exact
Pyrocystis lunula	Pyrocystis lunula	https://norcca.scrol.net/species/Pyrocystis-lunula	164053	exact
Pyrocystis pseudonoctiluca	Pyrocystis pseudonoctiluca	https://norcca.scrol.net/species/Pyrocystis-pseudonoctiluca	573782	exact
Raphidiopsis curvata	Raphidiopsis curvata	https://norcca.scrol.net/species/Raphidiopsis-curvata	656423	exact
Raphidocelis inclinata var. serialis	Raphidocelis inclinata var. serialis	https://norcca.scrol.net/species/Raphidocelis-inclinata-var-serialis	672243	exact
Raphidocelis subcapitata	Raphidocelis subcapitata	https://norcca.scrol.net/species/Raphidocelis-subcapitata	610914	exact
Rhabdogloea cf. linearis	Rhabdogloea linearis	https://norcca.scrol.net/species/Rhabdogloea-cf-linearis	177454	exact
Rhinomonas nottbecki	Rhinomonas nottbecki	https://norcca.scrol.net/species/Rhinomonas-nottbecki		
Rhodomonas baltica	Rhodomonas baltica	https://norcca.scrol.net/species/Rhodomonas-baltica	106313	exact
Rhodomonas lacustris	Rhodomonas lacustris	https://norcca.scrol.net/species/Rhodomonas-lacustris	248151	exact
Rhodomonas marina	Rhodomonas marina	https://norcca.scrol.net/species/Rhodomonas-marina	106314	exact
Rhodomonas salina	Rhodomonas salina	https://norcca.scrol.net/species/Rhodomonas-salina	106316	exact
Rhodomonas sp.				
Rhodothamniella floridula	Rhodothamniella floridula	https://norcca.scrol.net/species/Rhodothamniella-floridula	145777	exact
Ruthnielsenia tenuis	Ruthnielsenia tenuis	https://norcca.scrol.net/species/Ruthnielsenia-tenuis	376497	exact
Ruttnera lamellosa	Ruttnera lamellosa	https://norcca.scrol.net/species/Ruttnera-lamellosa	836862	exact
Scenedesmus sp.				
Schizogonium sp.				
Schizomeris sp.				
Scrippsiella acuminata	Scrippsiella acuminata	https://norcca.scrol.net/species/Scrippsiella-acuminata	1321853	exact
Scrippsiella donghaiensis	Scrippsiella donghaiensis	https://norcca.scrol.net/species/Scrippsiella-donghaiensis	623453	near_1
Scrippsiella erinaceus	Scrippsiella erinaceus	https://norcca.scrol.net/species/Scrippsiella-erinaceus	836840	exact
Scrippsiella lachrymosa	Scrippsiella lachrymosa	https://norcca.scrol.net/species/Scrippsiella-lachrymosa	110168	exact
Scrippsiella sp.				
Scrippsiella trochoidea var. aciculifera	Scrippsiella trochoidea var. aciculifera	https://norcca.scrol.net/species/Scrippsiella-trochoidea-var-aciculifera	672261	match_quarantine
Scytonema sp.				
Scytosiphon lomentaria	Scytosiphon lomentaria	https://norcca.scrol.net/species/Scytosiphon-lomentaria	145869	exact
Selenastrum bibraianum	Selenastrum bibraianum	https://norcca.scrol.net/species/Selenastrum-bibraianum	577758	exact
Selenastrum sp.				
Shionodiscus bioculatus	Shionodiscus bioculatus	https://norcca.scrol.net/species/Shionodiscus-bioculatus	841633	exact
Skeletonema dohrnii	Skeletonema dohrnii	https://norcca.scrol.net/species/Skeletonema-dohrnii	489112	exact
Skeletonema japonicum	Skeletonema japonicum	https://norcca.scrol.net/species/Skeletonema-japonicum	376666	exact
Skeletonema marinoi	Skeletonema marinoi	https://norcca.scrol.net/species/Skeletonema-marinoi	376667	exact
Skeletonema pseudocostatum	Skeletonema pseudocostatum	https://norcca.scrol.net/species/Skeletonema-pseudocostatum	375916	exact
Skeletonema sp.				
Skeletonema tropicum	Skeletonema tropicum	https://norcca.scrol.net/species/Skeletonema-tropicum	395044	exact
Snowella lacustris	Snowella lacustris	https://norcca.scrol.net/species/Snowella-lacustris	146645	exact
Sphaerocystis schroeteri	Sphaerocystis schroeteri	https://norcca.scrol.net/species/Sphaerocystis-schroeteri	248170	exact
Sphaerospermopsis aphanizomenoides	Sphaerospermopsis aphanizomenoides	https://norcca.scrol.net/species/Sphaerospermopsis-aphanizomenoides	624220	exact
Sphaerospermopsis cf. reniformis				
Sphaerospermopsis reniformis	Sphaerospermopsis reniformis	https://norcca.scrol.net/species/Sphaerospermopsis-reniformis	624219	exact
Sphaerozosma sp.				
Spiniferodinium limneticum	Spiniferodinium limneticum	https://norcca.scrol.net/species/Spiniferodinium-limneticum	1380164	exact
Spiniferodinium palustre	Spiniferodinium palustre	https://norcca.scrol.net/species/Spiniferodinium-palustre	1380165	exact
Spirogyra singularis	Spirogyra singularis	https://norcca.scrol.net/species/Spirogyra-singularis	609404	exact
Spirogyra sp.				
Spirulina major	Spirulina major	https://norcca.scrol.net/species/Spirulina-major	660933	exact
Spirulina subsalsa	Spirulina subsalsa	https://norcca.scrol.net/species/Spirulina-subsalsa	660753	exact
Spondylosium secedens	Spondylosium secedens	https://norcca.scrol.net/species/Spondylosium-secedens	609112	exact
Stanieria sp.				
Staurastrum cf. boreale	Staurastrum boreale	https://norcca.scrol.net/species/Staurastrum-cf-boreale	611264	exact
Staurastrum gracile	Staurastrum gracile	https://norcca.scrol.net/species/Staurastrum-gracile	509596	exact
Staurastrum hexacerum	Staurastrum hexacerum	https://norcca.scrol.net/species/Staurastrum-hexacerum	578393	exact
Staurastrum leptocladum var. cornutum	Staurastrum leptocladum var. cornutum	https://norcca.scrol.net/species/Staurastrum-leptocladum-var-cornutum	670977	exact
Staurastrum pingue	Staurastrum pingue	https://norcca.scrol.net/species/Staurastrum-pingue	609209	exact
Staurastrum sp.				
Staurodesmus cf. patens	Staurodesmus patens	https://norcca.scrol.net/species/Staurodesmus-cf-patens	609279	exact
Stichococcus bacillaris	Stichococcus bacillaris	https://norcca.scrol.net/species/Stichococcus-bacillaris	145715	exact
Stictyosiphon soriferus	Stictyosiphon soriferus	https://norcca.scrol.net/species/Stictyosiphon-soriferus	145354	exact
Stictyosiphon tortilis	Stictyosiphon tortilis	https://norcca.scrol.net/species/Stictyosiphon-tortilis	145355	exact
Stigeoclonium sp.				
Stigonema cf. turfaceum	Stigonema turfaceum	https://norcca.scrol.net/species/Stigonema-cf-turfaceum	616819	exact
Storeatula sp.				
Stragularia clavata	Stragularia clavata	https://norcca.scrol.net/species/Stragularia-clavata	145002	exact
Streblonema zanardinii	Streblonema zanardinii	https://norcca.scrol.net/species/Streblonema-zanardinii	145474	exact
Stylonema alsidii	Stylonema alsidii	https://norcca.scrol.net/species/Stylonema-alsidii	145688	exact
Symbiodinium sp.				
Symploca sp.				
Symplocastrum muelleri	Symplocastrum muelleri	https://norcca.scrol.net/species/Symplocastrum-muelleri	619681	exact
Syncoryne reinkei	Syncoryne reinkei	https://norcca.scrol.net/species/Syncoryne-reinkei	144883	exact
Synechococcus cf. rhodobaktron	Synechococcus rhodobaktron	https://norcca.scrol.net/species/Synechococcus-cf-rhodobaktron	614829	exact
Synechococcus elongatus	Synechococcus elongatus	https://norcca.scrol.net/species/Synechococcus-elongatus	610181	exact
Synechococcus nidulans	Synechococcus nidulans	https://norcca.scrol.net/species/Synechococcus-nidulans	614828	exact
Synechococcus sp.				
Synedra rumpens var. familiaris	Synedra rumpens var. familiaris	https://norcca.scrol.net/species/Synedra-rumpens-var-familiaris	172389	exact
Synedropsis hyperborea	Synedropsis hyperborea	https://norcca.scrol.net/species/Synedropsis-hyperborea	573617	exact
Synura curtispina	Synura curtispina	https://norcca.scrol.net/species/Synura-curtispina	610052	exact
Synura echinulata	Synura echinulata	https://norcca.scrol.net/species/Synura-echinulata	610053	exact
Synura glabra	Synura glabra	https://norcca.scrol.net/species/Synura-glabra	701004	exact
Synura petersenii	Synura petersenii	https://norcca.scrol.net/species/Synura-petersenii	571647	exact
Synura sp.				
Synura uvella	Synura uvella	https://norcca.scrol.net/species/Synura-uvella	178595	exact
Tapinothrix violacea	Tapinothrix violacea	https://norcca.scrol.net/species/Tapinothrix-violacea	625826	exact
Teleaulax acuta	Teleaulax acuta	https://norcca.scrol.net/species/Teleaulax-acuta	106305	exact
Teleaulax amphioxeia	Teleaulax amphioxeia	https://norcca.scrol.net/species/Teleaulax-amphioxeia	106306	exact
Tellamia contorta	Tellamia contorta	https://norcca.scrol.net/species/Tellamia-contorta	144884	exact
Tetracystis sp.(?)				
Tetradesmus cf. dimorphus	Tetradesmus dimorphus	https://norcca.scrol.net/species/Tetradesmus-cf-dimorphus	1369784	exact
Tetradesmus lagerheimii	Tetradesmus lagerheimii	https://norcca.scrol.net/species/Tetradesmus-lagerheimii	1289276	exact
Tetradesmus obliquus	Tetradesmus obliquus	https://norcca.scrol.net/species/Tetradesmus-obliquus	1359367	exact
Tetradesmus obtusus	Tetradesmus obtusus	https://norcca.scrol.net/species/Tetradesmus-obtusus		
Tetraëdron minimum	Tetraëdron minimum	https://norcca.scrol.net/species/Tetraëdron-minimum	178956	exact
Tetraselmis aff. maculata	Tetraselmis maculata	https://norcca.scrol.net/species/Tetraselmis-aff-maculata	376157	exact
Tetraselmis contracta	Tetraselmis contracta	https://norcca.scrol.net/species/Tetraselmis-contracta	134544	exact
Tetraselmis levis	Tetraselmis levis	https://norcca.scrol.net/species/Tetraselmis-levis	376156	exact
Tetraselmis marina	Tetraselmis marina	https://norcca.scrol.net/species/Tetraselmis-marina	376158	exact
Tetraselmis sp.				
Tetraselmis subcordiformis	Tetraselmis subcordiformis	https://norcca.scrol.net/species/Tetraselmis-subcordiformis	495338	exact
Tetraselmis suecica	Tetraselmis suecica	https://norcca.scrol.net/species/Tetraselmis-suecica	163447	exact
Tetraselmis verrucosa	Tetraselmis verrucosa	https://norcca.scrol.net/species/Tetraselmis-verrucosa	376160	exact
Tetraselmis wettsteinii	Tetraselmis wettsteinii	https://norcca.scrol.net/species/Tetraselmis-wettsteinii	376358	exact
Thalassiosira allenii	Thalassiosira allenii	https://norcca.scrol.net/species/Thalassiosira-allenii	573627	exact
Thalassiosira delicatula	Thalassiosira delicatula	https://norcca.scrol.net/species/Thalassiosira-delicatula	555264	exact
Thalassiosira gravida	Thalassiosira gravida	https://norcca.scrol.net/species/Thalassiosira-gravida	149102	exact
Thalassiosira hispida	Thalassiosira hispida	https://norcca.scrol.net/species/Thalassiosira-hispida	625490	exact
Thalassiosira nordenskioeldii	Thalassiosira nordenskioeldii	https://norcca.scrol.net/species/Thalassiosira-nordenskioeldii	148931	exact
Thalassiosira pseudonana	Thalassiosira pseudonana	https://norcca.scrol.net/species/Thalassiosira-pseudonana	148934	exact
Thalassiosira punctifera	Thalassiosira punctifera	https://norcca.scrol.net/species/Thalassiosira-punctifera	708714	exact
Thalassiosira sp.				
Thecadinium kofoidii	Thecadinium kofoidii	https://norcca.scrol.net/species/Thecadinium-kofoidii	110273	exact
Theleodinium calcisporum	Theleodinium calcisporum	https://norcca.scrol.net/species/Theleodinium-calcisporum	839945	exact
Thoracosphaera heimii	Thoracosphaera heimii	https://norcca.scrol.net/species/Thoracosphaera-heimii	110277	exact
Tisochrysis sp.				
Tolypothrix sp. ?				
Tovellia aveirensis	Tovellia aveirensis	https://norcca.scrol.net/species/Tovellia-aveirensis	840837	exact
Tovellia coronata	Tovellia coronata	https://norcca.scrol.net/species/Tovellia-coronata	619818	exact
Tovellia leopoliensis	Tovellia leopoliensis	https://norcca.scrol.net/species/Tovellia-leopoliensis	577247	exact
Trachelomonas sp.				
Trentepohlia sp.				
Tribonema aequale	Tribonema aequale	https://norcca.scrol.net/species/Tribonema-aequale	616597	match_quarantine
Tribonema minus	Tribonema minus	https://norcca.scrol.net/species/Tribonema-minus	610084	exact
Tribonema regulare	Tribonema regulare	https://norcca.scrol.net/species/Tribonema-regulare	422908	exact
Tribonema sp.				
Tribonema vulgare	Tribonema vulgare	https://norcca.scrol.net/species/Tribonema-vulgare	577560	exact
Trichormus variabilis	Trichormus variabilis	https://norcca.scrol.net/species/Trichormus-variabilis	146661	exact
Trichothyra irregularis	Trichothyra irregularis	https://norcca.scrol.net/species/Trichothyra-irregularis	373218	exact
Tychonema bornetii	Tychonema bornetii	https://norcca.scrol.net/species/Tychonema-bornetii	177615	exact
Tychonema bornetii var. intermedia	Tychonema bornetii var. intermedia	https://norcca.scrol.net/species/Tychonema-bornetii-var-intermedia		
Tychonema bourrellyi	Tychonema bourrellyi	https://norcca.scrol.net/species/Tychonema-bourrellyi	615642	exact
Tychonema sp.				
Tychonema sp. (?)				
Ulothrix sp.				
Ulothrix speciosa	Ulothrix speciosa	https://norcca.scrol.net/species/Ulothrix-speciosa	145930	exact
Ulvaria fusca	Ulvaria fusca	https://norcca.scrol.net/species/Ulvaria-fusca	145947	exact
Ulvella aequicrassa	Ulvella aequicrassa	https://norcca.scrol.net/species/Ulvella-aequicrassa	838115	exact
Ulvella dasycala	Ulvella dasycala	https://norcca.scrol.net/species/Ulvella-dasycala	838116	exact
Ulvella endostraca	Ulvella endostraca	https://norcca.scrol.net/species/Ulvella-endostraca	732251	exact
Ulvella gigas	Ulvella gigas	https://norcca.scrol.net/species/Ulvella-gigas	838117	exact
Ulvella glabra	Ulvella glabra	https://norcca.scrol.net/species/Ulvella-glabra	838118	exact
Ulvella heteroclada	Ulvella heteroclada	https://norcca.scrol.net/species/Ulvella-heteroclada	732253	exact
Ulvella inopinata	Ulvella inopinata	https://norcca.scrol.net/species/Ulvella-inopinata	838122	exact
Ulvella lens	Ulvella lens	https://norcca.scrol.net/species/Ulvella-lens	144886	exact
Ulvella leptochaete	Ulvella leptochaete	https://norcca.scrol.net/species/Ulvella-leptochaete	732246	exact
Ulvella marchantiae	Ulvella marchantiae	https://norcca.scrol.net/species/Ulvella-marchantiae	732254	exact
Ulvella operculata	Ulvella operculata	https://norcca.scrol.net/species/Ulvella-operculata	732255	exact
Ulvella pachypes	Ulvella pachypes	https://norcca.scrol.net/species/Ulvella-pachypes	838128	exact
Ulvella parasitica	Ulvella parasitica	https://norcca.scrol.net/species/Ulvella-parasitica	732256	exact
Ulvella parasitica f. zosterae	Ulvella parasitica f. zosterae	https://norcca.scrol.net/species/Ulvella-parasitica-f-zosterae		
Ulvella pseudorepens	Ulvella pseudorepens	https://norcca.scrol.net/species/Ulvella-pseudorepens	838129	exact
Ulvella ramosa	Ulvella ramosa	https://norcca.scrol.net/species/Ulvella-ramosa	838145	exact
Ulvella repens	Ulvella repens	https://norcca.scrol.net/species/Ulvella-repens	732257	exact
Ulvella scutata	Ulvella scutata	https://norcca.scrol.net/species/Ulvella-scutata	732330	exact
Ulvella setchellii	Ulvella setchellii	https://norcca.scrol.net/species/Ulvella-setchellii	144888	exact
Ulvella sp.				
Ulvella vacuospora	Ulvella vacuospora	https://norcca.scrol.net/species/Ulvella-vacuospora	838130	exact
Ulvella viridis	Ulvella viridis	https://norcca.scrol.net/species/Ulvella-viridis	732259	exact
Ulvella waernii	Ulvella waernii	https://norcca.scrol.net/species/Ulvella-waernii	838131	exact
Ulvella witrockii	Ulvella witrockii	https://norcca.scrol.net/species/Ulvella-witrockii	732245	phonetic
Undetermined Cymatosiraceae	Undetermined Cymatosiraceae			
Unident. chlorophyte sp.				
Unident. chrysophyte sp.				
Unident. cyanophyte sp.				
unident. desmid sp.				
Unident. diatom				
Unident. diatom sp.				
Unident. Euglenophyte sp.				
Unident. Eustigmatotophyte sp.				
Unident. sp.				
Unidentified				
Unidentified chroococcal species				
Unidentified chrysophycean				
Unidentified coccolithophyceaen sp.				
Unidentified colonies				
Unidentified dinoflagellate				
Unidentified green alga				
Unidentified Microchaetaceae species				
Unidentified pelagophyceae				
Unidentified pennales				
unidentified picoflagellate				
Unidentified trichal species				
Unidentified, marine flagellate				
unknown pennate diatom				
Vacuolaria cf. virescens	Vacuolaria virescens	https://norcca.scrol.net/species/Vacuolaria-cf-virescens	375675	exact
Vaucheria bursata	Vaucheria bursata	https://norcca.scrol.net/species/Vaucheria-bursata	240524	exact
Vaucheria bursata s.l.				
Vaucheria canalicularis	Vaucheria canalicularis	https://norcca.scrol.net/species/Vaucheria-canalicularis	238754	exact
Vaucheria coronata	Vaucheria coronata	https://norcca.scrol.net/species/Vaucheria-coronata	146020	exact
Vaucheria dichotoma	Vaucheria dichotoma	https://norcca.scrol.net/species/Vaucheria-dichotoma	146021	exact
Vaucheria dillwynii	Vaucheria dillwynii	https://norcca.scrol.net/species/Vaucheria-dillwynii	656435	exact
Vaucheria erythrospora	Vaucheria erythrospora	https://norcca.scrol.net/species/Vaucheria-erythrospora	146022	exact
Vaucheria frigida	Vaucheria frigida	https://norcca.scrol.net/species/Vaucheria-frigida	555953	exact
Vaucheria frigida s.l.				
Vaucheria litorea	Vaucheria litorea	https://norcca.scrol.net/species/Vaucheria-litorea	146024	exact
Vaucheria prona	Vaucheria prona	https://norcca.scrol.net/species/Vaucheria-prona	610095	exact
Vaucheria synandra	Vaucheria synandra	https://norcca.scrol.net/species/Vaucheria-synandra	146031	exact
Vaucheria taylorii	Vaucheria taylorii	https://norcca.scrol.net/species/Vaucheria-taylorii	616341	exact
Vitrella brassicaeformis	Vitrella brassicaeformis	https://norcca.scrol.net/species/Vitrella-brassicaeformis	837991	near_1
Vitreochlamys fluviatilis	Vitreochlamys fluviatilis	https://norcca.scrol.net/species/Vitreochlamys-fluviatilis	637365	exact
Volvox aureus	Volvox aureus	https://norcca.scrol.net/species/Volvox-aureus	578347	exact
Volvox globator	Volvox globator	https://norcca.scrol.net/species/Volvox-globator	608656	exact
Woloszynskia pascheri	Woloszynskia pascheri	https://norcca.scrol.net/species/Woloszynskia-pascheri	109910	exact
Woronichinia naegeliana	Woronichinia naegeliana	https://norcca.scrol.net/species/Woronichinia-naegeliana	146618	exact
Xanthidium antilopaeum	Xanthidium antilopaeum	https://norcca.scrol.net/species/Xanthidium-antilopaeum	577683	exact
Zygnema sp.				
Zygnema subcylindricum	Zygnema subcylindricum	https://norcca.scrol.net/species/Zygnema-subcylindricum	614102	exact
